distance_km,time_diff_minutes,required_speed_kmh,impossible_label
927.32,871.24,63.86,0
728.93,491.14,89.05,0
277.31,337.15,49.35,0
322.81,689.36,28.1,0
592.73,435.09,81.74,0
539.15,1250.13,25.88,0
823.56,443.49,111.42,0
701.68,74.85,562.47,0
346.03,329.11,63.08,0
492.44,86.45,341.77,0
537.76,711.07,45.38,0
566.35,1115.74,30.46,0
347.75,1176.86,17.73,0
637.72,679.82,56.28,0
666.16,724.14,55.2,0
652.85,1231.75,31.8,0
389.25,265.16,88.08,0
739.68,1137.48,39.02,0
569.05,712.64,47.91,0
504.32,787.14,38.44,0
360.97,411.33,52.65,0
54.97,1041.28,3.17,0
22.09,469.71,2.82,0
826.17,676.07,73.32,0
259.49,598.53,26.01,0
454.64,1247.31,21.87,0
966.62,1414.37,41.01,0
521.92,28.73,1089.98,1
740.99,1252.52,35.5,0
74.7,969.47,4.62,0
510.96,1310.26,23.4,0
343.31,1370.9,15.03,0
553.52,1058.25,31.38,0
579.81,172.75,201.38,0
60.8,713.13,5.12,0
582.33,311.52,112.16,0
864.39,595.49,87.09,0
520.01,550.96,56.63,0
994.98,28.88,2067.13,1
114.5,250.69,27.4,0
564.67,457.87,74.0,0
568.8,64.37,530.18,0
44.21,431.72,6.14,0
109.74,239.94,27.44,0
402.38,1304.91,18.5,0
303.69,964.14,18.9,0
783.65,964.79,48.73,0
388.32,979.33,23.79,0
30.43,507.73,3.6,0
158.83,1171.26,8.14,0
607.58,13.35,2730.7,1
296.45,30.63,580.71,0
849.75,173.92,293.15,0
457.93,936.25,29.35,0
838.86,22.17,2270.26,1
965.79,274.19,211.34,0
435.43,166.99,156.45,0
259.77,492.55,31.64,0
882.71,1212.14,43.69,0
707.99,167.27,253.96,0
756.33,1337.6,33.93,0
812.53,704.05,69.24,0
558.98,63.9,524.86,0
758.8,558.74,81.48,0
775.57,1170.54,39.75,0
468.87,26.05,1079.93,1
360.64,389.46,55.56,0
947.79,659.2,86.27,0
487.47,186.96,156.44,0
600.03,772.66,46.59,0
856.66,542.11,94.81,0
867.1,1254.53,41.47,0
491.03,996.66,29.56,0
213.99,402.44,31.9,0
395.29,1059.84,22.38,0
37.43,1006.73,2.23,0
806.05,667.0,72.51,0
944.5,484.11,117.06,0
471.59,297.04,95.26,0
805.8,1068.32,45.26,0
113.81,1415.69,4.82,0
999.08,77.22,776.29,0
411.88,1233.74,20.03,0
114.94,974.01,7.08,0
570.07,1377.43,24.83,0
840.12,775.25,65.02,0
521.55,353.93,88.42,0
165.72,779.38,12.76,0
515.83,218.03,141.95,0
280.12,508.31,33.06,0
569.39,1353.14,25.25,0
824.49,299.99,164.9,0
916.14,587.94,93.49,0
761.01,947.18,48.21,0
577.96,1063.7,32.6,0
242.19,1174.1,12.38,0
521.06,476.46,65.62,0
713.42,395.79,108.15,0
532.97,1269.83,25.18,0
838.35,687.95,73.12,0
482.11,655.86,44.1,0
623.86,190.8,196.18,0
773.72,900.32,51.56,0
771.51,1254.39,36.9,0
809.66,1323.57,36.7,0
238.07,976.57,14.63,0
893.46,1233.23,43.47,0
600.55,862.07,41.8,0
72.84,1091.28,4.0,0
803.13,748.98,64.34,0
791.27,674.87,70.35,0
386.64,709.78,32.68,0
30.69,146.7,12.55,0
647.04,262.28,148.02,0
119.1,802.86,8.9,0
853.6,80.75,634.25,0
218.02,227.01,57.62,0
984.92,1415.92,41.74,0
995.84,1118.37,53.43,0
250.56,51.68,290.9,0
454.3,641.51,42.49,0
502.72,452.4,66.67,0
413.84,900.63,27.57,0
330.23,812.17,24.4,0
267.08,1051.09,15.25,0
276.11,1176.13,14.09,0
166.51,199.17,50.16,0
925.99,1093.72,50.8,0
349.38,420.36,49.87,0
377.59,111.97,202.33,0
897.36,814.99,66.06,0
425.5,882.72,28.92,0
795.39,969.04,49.25,0
421.27,24.84,1017.56,1
172.81,828.41,12.52,0
711.2,565.56,75.45,0
884.54,191.15,277.65,0
854.59,1074.95,47.7,0
224.68,428.76,31.44,0
985.83,250.76,235.88,0
616.41,104.8,352.91,0
805.75,52.88,914.24,0
469.67,483.32,58.31,0
37.61,598.14,3.77,0
635.65,745.07,51.19,0
654.62,817.27,48.06,0
366.74,534.62,41.16,0
867.85,921.51,56.51,0
428.98,1181.99,21.78,0
560.82,1190.68,28.26,0
513.91,769.06,40.09,0
282.86,609.18,27.86,0
506.64,193.97,156.72,0
135.72,544.92,14.94,0
703.04,986.53,42.76,0
117.59,393.26,17.94,0
727.95,594.68,73.45,0
119.69,728.14,9.86,0
907.55,1126.51,48.34,0
818.37,514.31,95.47,0
524.96,94.14,334.58,0
719.76,857.83,50.34,0
762.07,1113.17,41.08,0
634.22,657.39,57.89,0
834.15,251.18,199.26,0
975.39,229.21,255.33,0
240.62,3.91,3692.38,1
279.46,353.07,47.49,0
195.79,1088.6,10.79,0
349.05,1244.7,16.83,0
339.35,1371.54,14.85,0
859.64,580.89,88.79,0
873.54,1381.65,37.93,0
103.87,1437.05,4.34,0
355.32,1243.95,17.14,0
300.81,294.53,61.28,0
285.07,973.13,17.58,0
583.74,505.83,69.24,0
683.05,149.05,274.96,0
779.3,575.16,81.3,0
875.59,1346.8,39.01,0
382.47,246.19,93.21,0
42.73,1304.21,1.97,0
106.38,420.49,15.18,0
932.97,808.18,69.26,0
203.75,41.35,295.65,0
172.65,425.69,24.33,0
77.02,1021.15,4.53,0
855.36,1431.86,35.84,0
703.38,931.53,45.3,0
813.01,861.25,56.64,0
738.26,1125.69,39.35,0
396.04,1365.26,17.41,0
10.26,1169.24,0.53,0
560.34,5.03,6683.98,1
265.16,128.62,123.69,0
396.19,443.63,53.58,0
109.0,355.96,18.37,0
662.9,41.73,953.13,0
966.72,94.07,616.6,0
859.47,768.32,67.12,0
595.72,1327.07,26.93,0
380.3,226.98,100.53,0
502.92,1072.13,28.15,0
473.91,115.86,245.42,0
271.26,1350.6,12.05,0
955.09,1071.57,53.48,0
641.16,1416.23,27.16,0
937.25,140.11,401.36,0
454.81,1158.7,23.55,0
667.92,729.73,54.92,0
747.55,12.37,3625.95,1
344.47,1262.31,16.37,0
62.38,488.5,7.66,0
432.47,889.92,29.16,0
415.1,1240.3,20.08,0
503.57,937.17,32.24,0
418.44,534.66,46.96,0
911.89,84.93,644.22,0
459.2,672.17,40.99,0
406.16,701.38,34.75,0
682.66,930.8,44.0,0
460.73,465.55,59.38,0
852.87,338.17,151.32,0
243.03,72.21,201.94,0
651.76,1173.36,33.33,0
385.99,626.4,36.97,0
106.07,282.21,22.55,0
78.9,52.68,89.86,0
769.17,996.83,46.3,0
845.81,156.71,323.84,0
157.37,1181.51,7.99,0
5.71,828.78,0.41,0
627.0,60.19,625.02,0
385.98,6.49,3568.38,1
707.2,875.73,48.45,0
648.11,1248.96,31.14,0
40.04,1283.22,1.87,0
741.39,1160.0,38.35,0
717.32,940.39,45.77,0
187.97,110.53,102.04,0
134.58,833.37,9.69,0
802.37,1235.47,38.97,0
104.8,810.1,7.76,0
509.87,948.33,32.26,0
348.39,359.82,58.09,0
289.3,1061.42,16.35,0
552.85,32.24,1028.88,1
819.81,291.79,168.58,0
700.4,284.35,147.79,0
564.03,1162.92,29.1,0
287.59,841.93,20.5,0
891.36,762.04,70.18,0
520.87,729.07,42.87,0
314.52,262.66,71.85,0
998.61,1331.1,45.01,0
290.59,950.85,18.34,0
750.55,586.55,76.78,0
939.6,1116.57,50.49,0
172.03,910.7,11.33,0
467.16,182.63,153.48,0
293.52,399.06,44.13,0
901.39,1221.61,44.27,0
395.11,982.29,24.13,0
811.71,820.02,59.39,0
726.16,1266.58,34.4,0
342.72,1027.53,20.01,0
180.67,803.82,13.49,0
406.5,790.21,30.87,0
46.35,43.35,64.15,0
809.89,1032.3,47.07,0
113.69,382.61,17.83,0
162.66,302.02,32.31,0
652.34,925.71,42.28,0
558.88,1384.53,24.22,0
230.47,970.5,14.25,0
561.75,1152.89,29.24,0
903.96,130.44,415.8,0
576.53,415.96,83.16,0
840.51,826.91,60.99,0
531.16,1432.52,22.25,0
578.93,49.37,703.58,0
169.47,8.97,1133.58,1
434.39,114.46,227.71,0
955.9,283.3,202.45,0
961.54,1038.66,55.55,0
332.18,430.06,46.34,0
25.85,1014.85,1.53,0
568.46,1004.59,33.95,0
470.06,707.85,39.84,0
872.29,1334.48,39.22,0
123.75,1338.96,5.55,0
921.5,1353.41,40.85,0
230.61,1021.22,13.55,0
566.84,735.85,46.22,0
767.78,1194.52,38.57,0
218.1,1040.43,12.58,0
626.29,325.68,115.38,0
180.56,380.66,28.46,0
888.67,922.29,57.81,0
413.64,860.93,28.83,0
782.15,1285.0,36.52,0
748.03,1397.28,32.12,0
63.75,399.86,9.57,0
120.11,532.32,13.54,0
969.78,476.18,122.19,0
333.49,973.06,20.56,0
784.52,685.3,68.69,0
641.29,468.01,82.21,0
823.68,232.45,212.61,0
725.9,396.11,109.95,0
294.91,9.2,1923.33,1
649.76,1421.0,27.44,0
440.52,231.67,114.09,0
639.39,663.89,57.79,0
887.38,378.84,140.54,0
804.53,1302.26,37.07,0
232.56,687.52,20.3,0
482.93,1176.25,24.63,0
551.03,1360.84,24.3,0
2.84,759.72,0.22,0
558.73,450.12,74.48,0
839.7,1246.01,40.43,0
851.47,434.91,117.47,0
905.35,1327.92,40.91,0
195.28,351.58,33.33,0
252.05,70.15,215.58,0
246.78,231.1,64.07,0
270.22,566.2,28.64,0
339.5,701.98,29.02,0
288.21,581.48,29.74,0
729.4,165.13,265.03,0
352.76,1138.94,18.58,0
335.88,197.67,101.95,0
74.45,629.93,7.09,0
362.41,783.01,27.77,0
6.91,474.94,0.87,0
810.42,1367.99,35.54,0
936.51,219.22,256.32,0
661.34,364.85,108.76,0
145.58,41.53,210.33,0
738.84,408.51,108.52,0
766.05,1358.84,33.83,0
493.41,1351.15,21.91,0
571.79,875.28,39.2,0
295.39,403.66,43.91,0
516.91,454.92,68.18,0
960.57,235.48,244.75,0
12.46,771.65,0.97,0
6.28,1200.28,0.31,0
796.07,1068.28,44.71,0
805.01,922.58,52.35,0
349.22,1348.54,15.54,0
806.73,589.25,82.14,0
446.29,971.87,27.55,0
960.58,773.04,74.56,0
458.8,453.46,60.71,0
771.02,1066.8,43.36,0
923.32,680.85,81.37,0
161.3,1184.7,8.17,0
327.03,841.44,23.32,0
188.27,781.93,14.45,0
330.55,177.11,111.98,0
478.02,268.42,106.85,0
297.73,163.4,109.33,0
339.15,1184.27,17.18,0
265.28,161.64,98.47,0
73.12,1280.14,3.43,0
136.09,1131.15,7.22,0
113.11,770.56,8.81,0
263.28,626.62,25.21,0
606.03,1061.72,34.25,0
706.15,1232.09,34.39,0
817.43,1098.99,44.63,0
592.51,479.57,74.13,0
652.54,523.64,74.77,0
585.38,434.09,80.91,0
355.32,217.81,97.88,0
446.81,459.37,58.36,0
54.84,480.21,6.85,0
189.58,526.57,21.6,0
420.26,294.4,85.65,0
19.8,704.3,1.69,0
387.93,1397.4,16.66,0
37.67,909.22,2.49,0
774.55,1364.71,34.05,0
558.35,897.14,37.34,0
495.78,668.1,44.52,0
461.78,746.29,37.13,0
250.05,993.25,15.1,0
474.02,1168.72,24.34,0
375.98,921.42,24.48,0
322.13,498.52,38.77,0
515.91,80.17,386.11,0
456.54,252.05,108.68,0
946.08,529.38,107.23,0
254.76,413.26,36.99,0
938.03,1411.42,39.88,0
585.49,1117.19,31.44,0
81.82,579.42,8.47,0
853.66,515.34,99.39,0
441.77,1023.4,25.9,0
979.71,1066.07,55.14,0
738.52,407.74,108.68,0
115.9,187.03,37.18,0
375.01,1055.89,21.31,0
416.0,398.27,62.67,0
111.96,100.61,66.77,0
968.87,1112.39,52.26,0
419.65,269.42,93.46,0
504.08,157.78,191.69,0
13.91,1007.78,0.83,0
808.78,682.59,71.09,0
259.69,992.15,15.7,0
500.54,249.02,120.6,0
975.09,50.6,1156.23,1
482.44,475.76,60.84,0
606.89,1032.17,35.28,0
489.0,1240.65,23.65,0
828.21,927.67,53.57,0
197.7,694.27,17.09,0
702.77,1083.97,38.9,0
916.01,697.23,78.83,0
407.16,396.59,61.6,0
504.2,859.08,35.21,0
153.49,1251.09,7.36,0
978.8,1293.46,45.4,0
282.48,698.87,24.25,0
712.2,72.68,587.95,0
220.62,495.55,26.71,0
163.29,969.53,10.11,0
487.91,147.9,197.94,0
464.15,822.96,33.84,0
27.56,646.83,2.56,0
616.24,938.9,39.38,0
401.68,813.71,29.62,0
833.91,483.72,103.44,0
590.06,130.17,271.98,0
509.82,1078.79,28.36,0
678.11,915.43,44.45,0
345.39,1286.29,16.11,0
208.89,1328.44,9.43,0
546.2,426.39,76.86,0
238.22,1412.16,10.12,0
538.74,1152.27,28.05,0
853.87,647.75,79.09,0
2.15,1250.87,0.1,0
378.56,621.06,36.57,0
644.8,516.84,74.85,0
807.24,1326.11,36.52,0
437.3,428.25,61.27,0
100.04,849.94,7.06,0
331.46,957.32,20.77,0
430.33,257.15,100.41,0
268.05,389.92,41.25,0
468.23,243.99,115.14,0
164.51,1396.3,7.07,0
462.42,1161.27,23.89,0
291.61,204.27,85.65,0
592.2,1255.13,28.31,0
534.57,1387.43,23.12,0
270.64,875.07,18.56,0
216.07,1426.98,9.09,0
547.74,185.6,177.07,0
733.03,584.84,75.2,0
731.8,167.48,262.17,0
314.35,1248.96,15.1,0
820.58,1365.6,36.05,0
478.21,1336.4,21.47,0
944.09,1111.43,50.97,0
478.61,1074.02,26.74,0
431.98,410.32,63.17,0
725.94,845.59,51.51,0
340.68,281.94,72.5,0
772.56,374.7,123.71,0
105.8,671.77,9.45,0
263.56,844.14,18.73,0
433.24,12.84,2024.49,1
484.04,114.45,253.76,0
211.96,53.9,235.95,0
372.91,480.07,46.61,0
17.84,930.26,1.15,0
82.22,1237.89,3.99,0
899.5,377.19,143.08,0
817.1,178.09,275.29,0
804.24,1183.78,40.76,0
802.51,216.29,222.62,0
50.74,134.8,22.58,0
426.55,64.12,399.14,0
684.39,889.12,46.18,0
555.8,17.22,1936.59,1
79.85,668.55,7.17,0
863.82,962.68,53.84,0
953.93,1266.74,45.18,0
387.75,572.51,40.64,0
700.17,1411.36,29.77,0
745.52,640.19,69.87,0
92.65,74.28,74.84,0
85.94,719.65,7.17,0
382.41,985.59,23.28,0
